peak_hz,best_view,best_view_score,best_view_corr,best_view_slope,best_view_freq_rms,best_view_prom,best_response_bond,top3_mean_score,median_view_score,n_strong_views,n_good_views,n_family_matches,child_evidence,outgoing_count,taxonomy_tag,best_relation,combined_score,IMG_0681_rot270__x__score,IMG_0681_rot270__x__corr,IMG_0681_rot270__x__slope,IMG_0681_rot270__x__family_match,IMG_0681_rot270__y__score,IMG_0681_rot270__y__corr,IMG_0681_rot270__y__slope,IMG_0681_rot270__y__family_match,IMG_0681_rot270__a__score,IMG_0681_rot270__a__corr,IMG_0681_rot270__a__slope,IMG_0681_rot270__a__family_match,IMG_0680_rot270__x__score,IMG_0680_rot270__x__corr,IMG_0680_rot270__x__slope,IMG_0680_rot270__x__family_match,IMG_0680_rot270__y__score,IMG_0680_rot270__y__corr,IMG_0680_rot270__y__slope,IMG_0680_rot270__y__family_match,IMG_0680_rot270__a__score,IMG_0680_rot270__a__corr,IMG_0680_rot270__a__slope,IMG_0680_rot270__a__family_match,CDX_10IC__x__score,CDX_10IC__x__corr,CDX_10IC__x__slope,CDX_10IC__x__family_match,CDX_10IC__y__score,CDX_10IC__y__corr,CDX_10IC__y__slope,CDX_10IC__y__family_match,CDX_10IC__a__score,CDX_10IC__a__corr,CDX_10IC__a__slope,CDX_10IC__a__family_match
2.50497845332,IMG_0680_rot270:y,2.0623758329058597,0.9959824994830159,1.1386796401968895,0.006139406135149229,257.16548658740567,1,1.8466083676373923,1.6049085972001214,8,9,6,-0.012378231097336469,3,unexplained-or-parent-like,0.610 + 1.902,5.246608367637393,1.0736589415912454,0.9396470275606733,0.8972341256709144,0,1.7404562314202074,0.9087140280054605,1.0252328342066486,0,1.6049085972001214,0.9417056068697808,1.0125702079330539,1,1.2242640334679145,0.9298887778344188,1.1077698355392225,1,2.0623758329058597,0.9959824994830159,1.1386796401968895,1,1.775790917412291,0.9709021125112696,1.0905867674760648,1,0.7926348524823761,0.598644484663554,0.9859786603600865,0,1.7016583525940263,0.9962732158809576,0.9709403760583507,1,1.5558925075000012,0.9955913763964411,0.9863295908696752,1
3.9739017122,IMG_0681_rot270:a,1.847498957458742,0.9997100405555019,1.0311512996749468,0.004899999999999943,37.96281426245144,1,1.6869833173160937,1.413134558766095,7,7,5,-0.05490909124745431,7,unexplained-or-parent-like,1.902 + 2.095,4.546983317316094,1.1706336886233326,0.9364941336896224,0.9573339205766815,0,1.5780941002789446,0.9758694450926648,0.9758787278922629,0,1.847498957458742,0.9997100405555019,1.0311512996749468,1,0.7531061421219496,0.9579149074717093,0.627696101037387,0,1.629399612326892,0.9990567490070229,0.9465194593661775,1,1.413134558766095,0.9588093421850616,1.226698795535684,1,1.198270772956006,0.9281463630663825,0.9887131875725123,0,1.3987400528904304,0.9949674921886464,1.0191239235981346,1,1.5840513821626465,0.9987276980826929,1.0612291359466293,1
2.18370254326,IMG_0680_rot270:y,1.9893169237443502,0.996324350020743,1.170596763984036,0.00579940825383717,119.08197416620678,1,1.7499619456579307,1.465484714415655,6,7,6,0.06323921405211036,0,child-like,5 x 0.414,4.507750967390188,1.239095895538323,0.9449360498882162,0.9963631548929185,0,1.069339996477867,0.8687397081383474,0.9372107871351391,0,1.5993834458913703,0.9361969455889225,1.0475945097153092,1,1.3424818598454529,0.981288434217681,0.8142798532911915,1,1.9893169237443502,0.996324350020743,1.170596763984036,1,1.6611854673380715,0.9908668115852136,0.7689748083943726,1,0.5838329194441071,0.6287136803906971,0.8858820497057446,0,1.465484714415655,0.9876059159874283,1.0576599396751145,1,1.522719232484833,0.9906821625575611,1.0738076186434282,1
2.0954738819,IMG_0680_rot270:y,1.9211226699728774,0.9962653582309482,1.1853251513673415,0.0071839729576064415,89.40354052704187,1,1.688875813829653,1.4427076165441535,6,7,6,0.020475626368210875,2,unexplained-or-parent-like,5 x 0.414,4.502257499550979,1.2158585644079767,0.935382570274322,1.0190369235884238,0,0.8123684773033385,0.7626451684252067,0.8719066134959216,0,1.5328170861584174,0.9489427027687419,1.06630459095089,1,1.3361476806977817,0.98622248355849,0.8321994352914632,1,1.9211226699728774,0.9962653582309482,1.1853251513673415,1,1.612687685357664,0.990760366850863,0.7329257869722158,1,0.5939887038331859,0.6340805071591247,0.8913080154075423,0,1.4427076165441535,0.9876833770800256,1.055810481006935,1,1.5061005668193592,0.9908018536361378,1.0746955766013842,1
4.18539029792,IMG_0681_rot270:a,1.8759662216032336,0.9996138913737719,1.030131175977729,0.006453681120104985,47.65554093099114,1,1.7585805735757123,1.5116075967709957,6,7,5,0.08792103949017724,11,child-like,0.414 + 3.776,4.304283222238483,1.436900733628516,0.8759568833667564,0.9794172591338801,0,1.6041797816745413,0.9752651978070697,0.9709215699209517,0,1.8759662216032336,0.9996138913737719,1.030131175977729,1,0.8462267060421436,0.854222247628533,1.3216432017108917,0,1.824277104945349,0.9990502758358619,0.9854384856354133,1,1.5116075967709957,0.9589227785555731,1.2199072253024752,1,1.2122567409009057,0.9058831231419755,1.0422713447352634,0,1.3727216422950321,0.9947435949572169,1.1028832716774644,1,1.5754983941785548,0.9974956734520699,0.9727759263065964,1
3.77553375046,IMG_0681_rot270:a,1.802068891442327,0.9996872429142613,1.0127539853068215,0.004482186966202979,38.56430912059744,1,1.6081889009382708,1.3746254842597587,5,8,5,0.007741546452482664,6,unexplained-or-parent-like,2 x 1.902,4.138124890550043,1.001335737680445,0.8618614551326639,0.990015509540575,0,1.4750627243816243,0.9747593851392929,1.0320742529829918,0,1.802068891442327,0.9996872429142613,1.0127539853068215,1,0.881827041286374,0.9235249544213213,0.9033717365925377,0,1.5079113708892702,0.999135139218847,0.9559685182644087,1,1.3746254842597587,0.963338670068467,1.2420981841135845,1,0.9374621574755462,0.9524131924970812,0.9559429179563531,0,1.2177940210654454,0.9665600351185748,1.0784809060264722,1,1.5145864404832148,0.993652949520404,1.0471615300466899,1
8.95047794335,CDX_10IC:x,1.4453780910039442,0.9965861980316646,0.9855685265210808,0.03542405828424303,4.588175921568877,7,1.3807260820451113,1.1671091497307875,4,7,8,0.09588923731356139,9,child-like,0.414 + 8.557,4.056070073537481,1.4318036135940257,0.942270587656339,1.193114855663666,1,1.2649965415373636,0.8641771798043336,0.9771291958425249,1,1.1671091497307875,0.8865270144160272,1.2792158120780728,1,1.1869741369136178,0.9987497477293276,1.050884369145515,1,1.0038827565086896,0.9308060880769863,0.9569964505383197,1,0.9827370338628117,0.9813124387649914,1.382810264290869,1,1.4453780910039442,0.9965861980316646,0.9855685265210808,1,0.8618294260938434,0.8391509630983182,0.9680944375574702,0,0.9693840154354827,0.9552503725869064,1.0608772426091968,1
5.45074104264,IMG_0681_rot270:a,1.7469760988671028,0.9610463921423273,0.9839139763458129,0.014430869689661719,26.85235535764817,0,1.6111703198216583,1.128429258850205,6,9,3,0.02172552652450921,0,unexplained-or-parent-like,1.245 + 4.185,4.042927135339797,1.128429258850205,0.7455128634662538,0.9359809846845997,0,1.0834893584257952,0.9563253952720104,0.944389791454373,0,1.7469760988671028,0.9610463921423273,0.9839139763458129,1,1.0087855741693692,0.9802835857101231,0.8580208947940869,0,1.1545394764827386,0.9587931860540383,0.9876954542630824,0,1.432794605290403,0.9884264947802399,1.1610019147544195,1,1.0503626787242148,0.7997937560459897,1.0513680734482411,0,1.1115661487344306,0.8979362082030642,1.0404698354003896,0,1.653740255307469,0.9942946801991766,0.9990893926038146,1
2.94383730525,IMG_0681_rot270:y,1.676499805341619,0.9904642677385761,1.0181107063064159,0.032709338520463566,16.818647225658243,1,1.676499805341619,1.3890839509530846,8,8,1,0.08441600807633942,3,child-like,1.483 + 1.483,3.9867589948423774,1.3890839509530846,0.9746088293315182,0.9360648474032218,0,1.676499805341619,0.9904642677385761,1.0181107063064159,1,1.6310642902588246,0.9495418335957214,1.0357947446109435,0,1.2264441805973045,0.9759145220686445,1.1612504611817556,0,1.2983633756706867,0.9656229214408164,0.9405090620258426,0,1.036291034890089,0.9152163036919411,1.678459711948271,0,1.0276925153005538,0.9143690796998105,1.1012660233955947,0,1.4131362143890869,0.9853061735876215,1.006091403193513,0,1.4783792114020557,0.9935198308457788,1.037852892541227,0
3.32856015604,IMG_0681_rot270:x,1.8024375931279084,0.9949224315572702,1.0203883564367295,0.017708754896942923,17.05793750446534,0,1.6897185335886198,1.3966848102411404,5,7,4,-0.0007786191927386527,5,unexplained-or-parent-like,4 x 0.858,3.96971853358862,1.8024375931279084,0.9949224315572702,1.0203883564367295,1,1.6512566948316894,0.9913862502784985,1.0197243209020885,1,1.4336576595859616,0.920430325400066,1.227003011172107,0,1.6154613128062618,0.9784379623215816,1.0151761173795029,1,1.3966848102411404,0.869444061847027,1.0772264084869165,0,0.6803793458103773,0.8050641701996623,1.535476581561012,0,1.2792956204311727,0.9726604849465862,1.1018954496365658,1,1.2510965169100836,0.925722394916281,1.0485445705688827,0,1.1467939190376597,0.8907814050245119,1.0255955203782892,0
6.36911171871,IMG_0680_rot270:x,1.5622888980027267,0.9929133953103244,0.9762783974828521,0.037947331922020364,9.523668601350044,0,1.5345918770018978,1.153238424690195,5,7,5,0.035768113622121456,2,child-like,1.483 + 4.944,3.9480933292931395,1.536395496980244,0.9815580529917419,1.081979443996076,1,1.2562585226479466,0.9939824628551474,1.1208702663858914,1,0.7445843985459686,0.9612959748134041,1.5080357287010195,0,1.5622888980027267,0.9929133953103244,0.9762783974828521,1,1.153238424690195,0.9321520487728977,1.1455888753016599,0,1.0339918814153712,0.9706021964984394,0.7457474122779881,0,1.5050912360227229,0.9905476914215654,1.0535845765963197,1,0.776642052904732,0.7059763463030659,0.8926215714532669,0,1.0080156548512347,0.8253017931009801,0.9856710594990903,1
11.3332775353,IMG_0681_rot270:x,1.3686366442506936,0.9895655300024065,1.1342942804764922,0.07071039527537663,7.59585216236475,0,1.3277019446108842,1.049660332308472,5,7,6,0.0374360629393144,5,child-like,3.329 + 7.956,3.919035062789775,1.3686366442506936,0.9895655300024065,1.1342942804764922,1,1.366505119788977,0.9634814638836847,0.9140235532053557,1,1.0401431589089354,0.9539413007914879,1.5159368769202775,1,0.6582530292696316,0.922650426644072,0.8087559939865209,0,0.8205701086935473,0.8217887045418922,1.0623299718882395,0,0.9979584427265977,0.9353162734210352,0.9325832558939848,1,1.2293511713474687,0.9581660032875744,0.9968009880043398,0,1.247964069792982,0.9570969782606613,1.067861227132302,1,1.049660332308472,0.9583519956532501,1.1772664573498806,1
13.7460738293,CDX_10IC:a,1.2224678397309008,0.9557984958115323,0.9864296334758064,0.043877182003767314,4.283942417395893,6,1.20881892974431,0.8804251024054741,4,6,7,0.09399700396934665,0,child-like,1.245 + 12.537,3.6266228245841594,0.634280662611046,0.8503684719744586,1.1870358992667565,1,1.1125061297476515,0.9235460504780668,1.1623965985428901,1,0.6557421557214623,0.643495744043749,0.9236331666065954,1,0.08448977711393482,0.6345462093821874,0.5643428082948854,0,1.192668663475221,0.9686273205758295,1.1449362559570322,1,0.8804251024054741,0.8917094810018115,1.1570028980416363,1,0.7338588710054671,0.766735278314467,0.9618968436545525,0,1.2113202860268082,0.9353295945647621,1.0332966736720708,1,1.2224678397309008,0.9557984958115323,0.9864296334758064,1
4.76602040683,IMG_0680_rot270:y,1.6894081739414126,0.966316272192084,1.0668540949605732,0.010216589363620951,29.101431091642027,2,1.6801655340060089,1.4046902127920349,5,8,2,0.10669948177796575,4,child-like,0.858 + 3.974,3.5414562076946536,0.9117822592244438,0.9200955447001457,1.0048241295004068,0,1.6709228940706053,0.98341765811675,1.0247957171148436,1,1.4983877408414357,0.9615208251291536,0.9734007723453234,0,0.9043959685621568,0.8560460542633421,1.0114243685712847,0,1.6894081739414126,0.966316272192084,1.0668540949605732,1,1.154332143988422,0.987378161255361,1.2010042140222275,0,1.0991035368998219,0.8820413025589166,0.9786005867846539,0,1.4046902127920349,0.9603820278622515,1.054073281462603,0,1.59760225159549,0.9896411830419906,1.000469703478983,0
4.94362491073,IMG_0680_rot270:y,1.6579273765178886,0.9664155773906203,1.0677157358423603,0.010496547755948132,22.93107306673752,2,1.645076067253298,1.4047866267949112,5,8,2,0.1048664723152314,4,child-like,0.961 + 3.974,3.5087496532434974,0.7631751179842343,0.9067571130017985,0.9857091538527909,0,1.6322247579887075,0.9835114456799272,1.0221290144548372,1,1.4713578817840367,0.9607664194548423,0.9859538677444337,0,0.8978774641940327,0.8556997653622633,0.9549555756361261,0,1.6579273765178886,0.9664155773906203,1.0677157358423603,1,1.1475499455378435,0.9872139554708619,1.2026380043778078,0,1.033417333561672,0.8716249409996584,0.9787041688736021,0,1.4047866267949112,0.968568140376133,1.0656378043001793,0,1.5521229256410733,0.9902897310085133,1.0010669932272678,0
12.0158503351,IMG_0680_rot270:y,1.4583364854775014,0.989829225606011,1.1247191308664284,0.043930014270953055,11.85378534868993,1,1.2630187626470535,1.0067488588938478,4,7,3,0.029318275881173222,7,unexplained-or-parent-like,4.944 + 7.082,3.1249050040015285,1.157928890390552,0.9925600497291565,1.0824878482203169,0,0.949046283185026,0.8723309450078661,0.9592870417166119,0,0.5889906003122821,0.8392831290147968,1.753037956037148,0,1.0752708064427987,0.9269830446527227,0.9470844001632488,1,1.4583364854775014,0.989829225606011,1.1247191308664284,1,0.6128481816302549,0.9051524107427357,1.534510685829335,0,1.25544899602086,0.9810978449662257,1.1582516479149794,1,1.0067488588938478,0.814329582680722,0.9805127689531734,0,0.867548904909871,0.8743661352495309,0.955396620562693,0
12.5370877458,CDX_10IC:y,1.4119733425604781,0.977037165695767,1.0033818024366303,0.05786722662228592,6.974577531534262,5,1.3465274391626834,0.9216350952013268,3,6,4,0.1363375347330984,2,child-like,3.639 + 8.950,2.969288644009655,0.5186228282962142,0.8866081682129681,1.1026360188282807,0,1.3194982764309986,0.9931739579052471,1.1638535517538167,1,1.0968531315084293,0.7939244922612624,0.9552336466576412,1,0.4931981905375368,0.9491655960610395,1.324685226400767,0,0.9216350952013268,0.9401875426994977,1.021928124165718,0,0.679929869712383,0.8632725452719924,1.079904994953046,0,0.8997334061156951,0.8019796859339539,1.0259973247469416,0,1.4119733425604781,0.977037165695767,1.0033818024366303,1,1.3081106984965734,0.959930078083637,1.0144883270690568,1
3.6389149013,IMG_0680_rot270:x,1.860948909855425,0.9787953311936259,1.0066724335420876,0.02986636904613622,28.092744103257985,2,1.3981363360065813,1.1879150640071825,4,7,1,-0.01155965656728089,5,unexplained-or-parent-like,1.679 + 1.902,2.9381363360065818,1.6590062370267025,0.9976082015183153,1.2390952680805856,0,0.9381783784856335,0.9690540225957306,1.0177112682325227,0,1.2061754939730684,0.9946927431369559,1.0776042520188707,0,1.860948909855425,0.9787953311936259,1.0066724335420876,0,0.9053526594270466,0.9756833388978507,0.966599264360604,0,0.7448700258042111,0.9058155364438284,1.3427454884578156,0,1.3981363360065813,0.9793556668993093,1.0750577246573225,1,0.7319814394511686,0.8871710640004967,1.0148755957941125,0,1.1879150640071825,0.9217372341129167,1.015833412511304,0
5.18953883921,IMG_0681_rot270:a,1.6820273711003957,0.962239324683261,0.9917760251677525,0.01406982586956949,22.919563045434007,0,1.4213491470030597,0.9960194020961533,4,8,0,0.046932195699479685,8,child-like,1.483 + 3.639,2.800337292593736,0.9960194020961533,0.6984758244519479,0.920650802758404,0,1.233867439270361,0.9051993754879145,0.8656865446609254,0,1.6820273711003957,0.962239324683261,0.9917760251677525,0,0.9418145731757961,0.9872990571310555,0.9392751838568489,0,0.8448514359814945,0.9484392697612636,0.9276898642226219,0,1.22423326156049,0.982366656188795,1.1093270394373456,0,0.7271619733631259,0.7354112627584249,0.8759155138943602,0,0.5245182865307294,0.7161683721406485,1.078879441295774,0,1.3481526306384228,0.9783509061471519,1.0559971513916144,0
8.55719347087,IMG_0681_rot270:x,1.444004454720566,0.9429565985131273,1.1199598892186868,0.0027999999999998694,18.452736909870506,0,1.3440236243825956,1.018354218053195,4,7,0,0.0679272506576425,3,child-like,1.483 + 7.082,2.6157181985276603,1.444004454720566,0.9429565985131273,1.1199598892186868,0,1.1287139466975509,0.8882867892085525,1.1055421228140951,0,1.1939330402597612,0.9088720013574393,1.0560253566416575,0,1.018354218053195,0.997687664326751,0.9547334272799703,0,0.8339059692125017,0.9785608938022894,1.0166506213227349,0,0.7303165447048164,0.9862918612153553,1.272972388453596,0,1.39413337816746,0.9992309858684185,1.1063885469186152,0,0.597257614162612,0.8578802615350833,0.932912703868061,0,0.8443910059487667,0.9715715749369912,1.096895677244397,0
8.74162891723,CDX_10IC:x,1.5019021964408303,0.9967759701024952,0.9739740632378332,0.03609700933374163,6.098904954670947,7,1.088432738895086,1.0076664234212922,2,6,2,-0.013334094447494026,3,unexplained-or-parent-like,1.902 + 6.897,2.328432738895086,1.4292802038180938,0.9421883340652857,1.2085429696819625,0,1.2236091888796792,0.8645754256868264,0.9805205964374554,1,1.0076664234212922,0.8817936970179627,1.3270141914780345,0,1.2075177734665294,0.9985498957499596,1.0118371547656844,0,0.9203804879856803,0.9454148652933815,0.967761345641637,0,0.8457113830491902,0.9815353008044281,1.3661084279307016,0,1.5019021964408303,0.9967759701024952,0.9739740632378332,0,0.7971384036898512,0.8376312878061791,0.9838779411718784,0,0.9532562889104929,0.9582396526488566,1.0894158666523268,1
12.9342210112,CDX_10IC:a,1.2532362481589159,0.9858516751252734,1.0252652814130692,0.014922283880593181,5.298623717609174,3,1.1864501617929004,0.639248294069937,3,3,1,0.08947233795890457,3,child-like,4.185 + 8.742,2.090136122446325,0.5991441491799525,0.9724716825341291,1.307752921011887,0,1.1864501617929004,0.9859702418415441,0.9085162149720591,1,0.28155498941601587,0.7469440073892174,1.553453853064562,0,0.5620481850404574,0.962981353124656,1.249467007657379,0,0.668100590741918,0.8039903275915963,0.9719566916381241,0,0.3958852064477615,0.8097893305695315,0.9116439022564824,0,0.639248294069937,0.8253410123669106,0.9942697574140523,0,1.2511206427906414,0.9579839216007756,0.9949085493299008,0,1.2532362481589159,0.9858516751252734,1.0252652814130692,0
6.89727445364,CDX_10IC:x,1.2241816191646282,0.9915130229297353,1.072151068144569,0.09210998057056598,4.7633300887059535,3,0.7719461524963434,0.8194983499136852,2,6,1,0.007834936217846727,4,unexplained-or-parent-like,1.679 + 5.190,1.8217607354131424,0.9382682124751048,0.8508176310917732,0.8902609100071137,0,1.0638811587981691,0.9650887678190051,1.0585748454109938,0,0.6081923782273565,0.8953533093845946,1.3511010725309065,0,0.7437155141368582,0.9800531548437962,0.6503724188168934,0,0.8194983499136852,0.943805835362357,1.0174731759724198,0,0.6388859126362821,0.946286667666517,1.4844950756015907,0,1.2241816191646282,0.9915130229297353,1.072151068144569,0,0.7719461524963434,0.8616229990870751,1.0360494990919777,1,0.9835414796996333,0.949941734250019,1.0780523063363538,0
7.62818529662,IMG_0681_rot270:y,1.0685078004057629,0.9339897505072662,1.0072164405698418,0.14315494697346365,4.306761791101307,1,0.9866970873894442,0.7695781010487387,2,5,0,0.03451715702499372,5,child-like,2 x 3.776,1.7418247832569524,0.5394034680779538,0.8099133303470354,1.0476786612906421,0,1.0685078004057629,0.9339897505072662,1.0072164405698418,0,0.7695781010487387,0.864027066200853,1.3826009251105682,0,1.0236858256007775,0.9653593974149435,1.1506553258724255,0,0.6508454026103747,0.8358400095677956,1.0279206275692192,0,0.6011672352361175,0.9058578956409318,1.2250511899278853,0,0.8310709564991946,0.9159666564701593,0.9771468841483398,0,0.7528213467695501,0.8666394744402923,0.9181727047456303,0,0.8678976361617925,0.900546388491211,1.0669147493468512,0
9.40306803252,CDX_10IC:x,1.0682724729958153,0.98913626266354,1.0560144837525112,0.18878126724838254,6.391078153535327,1,0.9834051291560734,0.7177399962751103,1,5,0,0.04957730924668184,5,child-like,4.185 + 5.190,1.5189546271353869,0.5754963258425174,0.9195341208308445,0.6087094053739066,0,0.9428611236599737,0.9070642500065924,0.8693719811461201,0,0.385406084223767,0.8784816656587838,0.40604598145968773,0,0.9390817908124311,0.9819597608565709,0.9193992687066056,0,0.6426142385918032,0.767997509622785,1.0036709452073977,0,0.7177399962751103,0.9003996931952233,1.046068864872421,0,1.0682724729958153,0.98913626266354,1.0560144837525112,0,0.6311847231834605,0.8762640140731437,0.982128117062792,0,0.8017502161757085,0.9048039197816803,0.9452960424616181,0
7.0817099,CDX_10IC:x,1.0130531141084633,0.8927138875166285,0.989880342803357,0.10418361124510414,3.08760296948985,1,0.8789196240508942,0.6972823047850549,0,4,0,0.0027036239620925467,6,unexplained-or-parent-like,1.902 + 5.190,1.1954049129001738,0.6777969878666208,0.7026783647722624,1.1532159234425694,0,0.6110225914907633,0.9072242529026856,1.2105206032675608,0,0.525372942738079,0.8341722445694275,1.2532541264492791,0,0.8257216694658265,0.9695847100897924,0.9070467587405469,0,0.7487209143230593,0.9516966095492981,0.954894416496894,0,0.3296240528136474,0.9657146805299619,1.578473929085609,0,1.0130531141084633,0.8927138875166285,0.989880342803357,0,0.6972823047850549,0.8264362326378542,0.9962971754449659,0,0.7979840885783926,0.8821548599098514,0.9953385434854896,0
8.10635126866,IMG_0681_rot270:y,0.8952645211326403,0.9427706056905657,1.030314365646666,0.17476496613574977,3.066503253676194,1,0.8054955295263956,0.7231414088361398,0,6,0,0.09970917248463876,4,child-like,3.974 + 4.185,1.1558736052963652,0.2606436312943815,0.7617093218707663,0.6210559201582814,0,0.8952645211326403,0.9427706056905657,1.030314365646666,0,0.1787184493701716,0.52769802894681,1.262839202449276,0,0.7379237186139977,0.9559256838729578,0.8230755516072475,0,0.7192353643801119,0.8461326884882555,0.9813514176794089,0,0.7231414088361398,0.9288738129014887,1.0970227743962493,0,0.6645885081002151,0.8011104217379177,0.9914653590003608,0,0.7468050723584408,0.7777190599430563,1.0124761212762816,0,0.7744169950881057,0.8329135665650843,1.0080895685059488,0
4.35862456299,CDX_10IC:a,1.1062670421819694,0.8870957843679861,0.976304616237261,0.009722176199759625,11.189911006537901,6,0.9589930445694849,0.6612435408323258,0,3,0,0.03339638455462923,2,child-like,0.961 + 3.329,1.1555777446484667,0.9226027519326778,0.8108508472943802,0.9733515911022205,0,0.8481093395938071,0.7932677374628067,0.7914331271965137,0,0.6060780002673261,0.9748278686095572,1.1021571954347886,0,0.8476443247938754,0.9702546249917482,1.1287625650838025,0,0.6612435408323258,0.9659146904916519,0.9874838181111307,0,0.6138425140726589,0.9837712949345672,1.1403834287421037,0,0.617576152401365,0.8873465201875851,0.9597908544496305,0,0.6431440235466661,0.8264583183323686,1.0670594587344042,0,1.1062670421819694,0.8870957843679861,0.976304616237261,0
13.2568917893,IMG_0680_rot270:x,1.0196206343790828,0.8911845017671035,1.0543639947166414,0.06118823416311319,2.216155048551741,2,0.809883654518632,0.6503434731975433,0,2,2,0.16423240128882408,3,child-like,4.766 + 8.557,1.1163815328431606,0.7972417608619001,0.9718295620787192,1.3106080373120754,0,0.5842170797063647,0.8956109589084582,1.1093463864558673,0,0.6001466746581812,0.9008789495833645,1.2914605679397198,1,1.0196206343790828,0.8911845017671035,1.0543639947166414,1,0.6417725484547517,0.8975347596164579,1.0213537720595494,0,0.0899867145155624,0.7788855563852612,1.469011453129237,0,0.7738701542224262,0.9227636554603699,1.1120511013125047,0,0.6503434731975433,0.8630235342720296,1.0796380794298006,0,0.6946238382535082,0.9261602499834098,1.0876800841341439,0
18.3613165321,IMG_0680_rot270:y,0.79282012675366,0.9121678875178247,1.030593369399178,0.18200318613506136,2.049572180714505,2,0.6918768092399445,0.6253955906039343,0,2,2,0.13990396510595626,3,child-like,7.082 + 11.333,1.0300016546022015,0.43301470762680344,0.9348255822541236,1.3649688697696414,0,0.750363160108684,0.8909734278992165,0.9413004482486897,1,0.6253955906039343,0.8822459525248373,1.0276993630397917,0,0.6577905261190515,0.9700761296588473,1.3540281525083198,0,0.79282012675366,0.9121678875178247,1.030593369399178,0,0.36510011008295573,0.7524891007447922,0.8389813651713542,0,0.633390458371205,0.8027279584287428,0.9870195281692913,1,0.4016536409237796,0.8693387094273797,1.207949020852686,0,0.4329038436725292,0.847316286479843,1.0209970431374384,0
14.7008972301,IMG_0680_rot270:y,0.8286779904102815,0.918694586950658,0.9773835891319193,0.18123530750488545,2.1259150017732704,2,0.7782482137705661,0.5315286229588096,0,3,0,-0.008702375748276425,3,unexplained-or-parent-like,6.369 + 8.332,1.018248213770566,-0.560985307142231,0.2780890851274343,0.3491071554225748,0,0.7999609815445379,0.8982835830046084,0.9642531426138511,0,0.16988852987168868,0.44135759045244594,1.1472405743780512,0,0.45023421212918036,0.7312219661688926,1.3246734622075316,0,0.8286779904102815,0.918694586950658,0.9773835891319193,0,0.283261304283,0.7037357872948332,1.3551075471268175,0,0.5315286229588096,0.7953776602870487,1.1321952759555474,0,0.7061056693568788,0.8562228365215234,0.9957658063242336,0,0.5862848047143182,0.8617701452922025,1.2411536258780143,0
8.33177236976,IMG_0681_rot270:y,0.8104692683655401,0.9490557126647717,1.0685112863593575,0.19553042924396832,3.09004577260669,1,0.7570866276349176,0.6108300562866771,0,3,0,0.004726985650684579,6,unexplained-or-parent-like,1.245 + 7.082,0.9909415462890276,0.2219883388942867,0.6948457657275028,0.7936170396277075,0,0.8104692683655401,0.9490557126647717,1.0685112863593575,0,0.3897558346201576,0.7653996631363403,1.250058150220965,0,0.3958824784819168,0.98800046762513,0.5822053056414045,0,0.7470321281401844,0.8483919459710838,0.9609182505193775,0,0.6128149764289563,0.8852605616528026,1.065068023389807,0,0.6108300562866771,0.9108454975972918,0.9418663807834035,0,0.5388569295446736,0.8677224356787882,0.916195604686687,0,0.7137584863990286,0.9539445965434254,1.0287761875476626,0
14.2476787985,IMG_0681_rot270:y,0.9517124305868512,0.9226940447719788,1.0216554169750205,0.18366340934950595,3.7563433508262842,1,0.8216377570944843,0.592029768299726,0,2,0,0.03991436672591203,2,child-like,4.766 + 9.403,0.9297490803507986,0.2749328222685549,0.7350953785270391,0.8986434113908109,0,0.9517124305868512,0.9226940447719788,1.0216554169750205,0,0.592029768299726,0.6020668062264393,1.0499223474497312,0,-0.32276571038081103,0.44608136482568755,0.6337601750845899,0,0.842482803318304,0.9538085741054745,1.0400119599337647,0,0.39104930687112793,0.6134211063222349,1.0219331570904335,0,0.5971328010685091,0.8267858381606755,1.1526634625427923,0,0.56447107419337,0.889197967457567,1.2106138280589158,0,0.6707180373782973,0.9050284907420685,1.117596512474383,0
16.6009768024,CDX_10IC:x,0.8468457318662591,0.9350212378564273,1.1173073656702235,0.05930415034819034,3.1010964648791086,6,0.39884917086721833,0.38985036248624455,0,2,3,0.1792491297803753,1,child-like,1.902 + 14.701,0.8658253021527305,0.0884154700826984,0.5151790755668756,0.697677982440612,1,0.7562684801418181,0.8532567184332864,0.8627632504131291,0,0.3635228588291908,0.5098388603439913,0.9654124601089672,0,0.26128631065269736,0.8154347495400123,0.6450495794272525,1,0.6448248120892451,0.8833877948816657,1.033744165123542,0,-0.12179772993827538,0.4232324299558296,0.6949914257107741,0,0.8468457318662591,0.9350212378564273,1.1173073656702235,1,0.4878299812102227,0.7715386266563395,0.9144715117228785,0,0.38985036248624455,0.7448670182975254,0.9407265059609705,0
7.95607053459,IMG_0681_rot270:y,0.9326333044421714,0.9398113171980308,1.0278899424166184,0.14935984613129336,3.1943129196533557,1,0.8002688803548699,0.6641596229559323,0,2,0,0.1574408412998268,5,child-like,3.776 + 4.185,0.7555957866650951,0.2252723478594903,0.7955274311002265,0.6488499451115673,0,0.9326333044421714,0.9398113171980308,1.0278899424166184,0,0.1952981572411458,0.5528576748527684,1.1977030959867807,0,0.6898826651535482,0.9430392078835712,0.7881892022202419,0,0.6486711484638399,0.8705215839683279,1.075452991234581,0,0.634850305789067,0.9423956209358121,1.1480381184603183,0,0.7741901588476273,0.9142865065782622,0.9932711588604839,0,0.6939831777748108,0.8388889097070108,1.083466667299754,0,0.6641596229559323,0.8759003931519265,0.9739738372665577,0
15.8234583338,IMG_0681_rot270:y,0.7123984868496904,0.8719557451551732,0.9136164099404996,0.20160377636499835,2.0336626073875266,1,0.36346656830516133,0.3760771936807011,0,1,2,0.055913548099962226,0,child-like,7.082 + 8.742,0.7307789557752105,-0.08512089902190179,0.44066531841093143,1.004976455603667,0,0.7123984868496904,0.8719557451551732,0.9136164099404996,0,0.3760771936807011,0.7634713569260039,1.401734284308728,1,-0.02692763743453963,0.593792801394578,0.7411683568171687,0,0.6185579614595593,0.9185162969606161,0.9462380141007412,0,0.35085594292962163,0.6562965186097673,1.0869916561887925,1,0.5970064113284017,0.8760410430442996,1.2277389887185446,0,0.4709509586281253,0.811006419418346,1.081304956462033,0,0.3606649069408786,0.860750696495433,1.0941300898039863,0
13.1079668148,IMG_0681_rot270:y,0.7369223895061061,0.9219745437394978,1.1459623951135542,0.1989326062217597,2.5545002407986215,1,0.6060188369124487,0.5301214657669646,0,1,1,0.1330847025089222,3,child-like,4.185 + 8.950,0.6930087236508498,0.6063927168397978,0.9805953189357801,1.3310671409230646,0,0.7369223895061061,0.9219745437394978,1.1459623951135542,0,0.46271881104421414,0.848845977934055,1.306840930237776,0,0.6060188369124487,0.9590352352076795,1.3412067151903873,1,0.44444018484663006,0.8562803990122898,1.2894571823022911,0,-0.021149791728298034,0.6647326922699348,0.6334854256523569,0,0.6908297921527788,0.9464350130641559,1.141118437090199,0,0.5301214657669646,0.8063845760163383,1.0034460554454268,0,0.4939591703165416,0.81168487334628,1.0259908911357314,0
16.024945064,IMG_0681_rot270:y,0.7980587395194962,0.8706734558365854,0.9014324254515643,0.12936507377978668,2.3245274706450756,1,0.35450535992633486,0.43786949022680505,0,1,2,0.18770308712037836,2,child-like,7.956 + 8.106,0.550491346669843,-0.09062599576857377,0.24881050000523244,0.7796147434443707,0,0.7980587395194962,0.8706734558365854,0.9014324254515643,0,0.3952351964349526,0.639277535284497,1.1910382222014508,1,-0.20192064661469994,0.3405870327943681,0.7830427289943513,0,0.6578691710030795,0.9169935517810116,1.0211586567738105,0,0.31377552341771714,0.5601585483381524,0.9457258977028955,1,0.7066111099706471,0.9035663002956706,1.2092783898299608,0,0.546738457415735,0.8089168945445195,1.06238591616568,0,0.43786949022680505,0.8084978257158241,0.8470990327146152,0
0.414227723717,IMG_0681_rot270:x,nan,nan,nan,nan,nan,-1,nan,nan,0,0,0,nan,4,unexplained-or-parent-like,,-1.0,nan,nan,nan,0,nan,nan,nan,0,nan,nan,nan,0,nan,nan,nan,0,nan,nan,nan,0,nan,nan,nan,0,nan,nan,nan,0,nan,nan,nan,0,nan,nan,nan,0
0.504907181228,IMG_0681_rot270:x,nan,nan,nan,nan,nan,-1,nan,nan,0,0,0,nan,5,unexplained-or-parent-like,,-1.0,nan,nan,nan,0,nan,nan,nan,0,nan,nan,nan,0,nan,nan,nan,0,nan,nan,nan,0,nan,nan,nan,0,nan,nan,nan,0,nan,nan,nan,0,nan,nan,nan,0
0.610291415633,IMG_0681_rot270:x,nan,nan,nan,nan,nan,-1,nan,nan,0,0,0,nan,5,unexplained-or-parent-like,,-1.0,nan,nan,nan,0,nan,nan,nan,0,nan,nan,nan,0,nan,nan,nan,0,nan,nan,nan,0,nan,nan,nan,0,nan,nan,nan,0,nan,nan,nan,0,nan,nan,nan,0
0.857821826678,IMG_0681_rot270:x,nan,nan,nan,nan,nan,-1,nan,nan,0,0,0,-0.037670631588113644,3,unexplained-or-parent-like,0.414 + 0.414,-1.0,nan,nan,nan,0,nan,nan,nan,0,nan,nan,nan,0,nan,nan,nan,0,nan,nan,nan,0,nan,nan,nan,0,nan,nan,nan,0,nan,nan,nan,0,nan,nan,nan,0
0.960755264934,IMG_0681_rot270:x,nan,nan,nan,nan,nan,-1,nan,nan,0,0,0,-0.03774330289055859,5,unexplained-or-parent-like,0.414 + 0.610,-1.0,nan,nan,nan,0,nan,nan,nan,0,nan,nan,nan,0,nan,nan,nan,0,nan,nan,nan,0,nan,nan,nan,0,nan,nan,nan,0,nan,nan,nan,0,nan,nan,nan,0
1.05388551859,IMG_0681_rot270:x,nan,nan,nan,nan,nan,-1,nan,nan,0,0,0,-0.0385263337574774,4,unexplained-or-parent-like,0.414 + 0.610,-1.0,nan,nan,nan,0,nan,nan,nan,0,nan,nan,nan,0,nan,nan,nan,0,nan,nan,nan,0,nan,nan,nan,0,nan,nan,nan,0,nan,nan,nan,0,nan,nan,nan,0
1.48277484466,IMG_0681_rot270:x,nan,nan,nan,nan,nan,-1,nan,nan,0,0,0,-0.024796195117425306,5,unexplained-or-parent-like,3 x 0.505,-1.0,nan,nan,nan,0,nan,nan,nan,0,nan,nan,nan,0,nan,nan,nan,0,nan,nan,nan,0,nan,nan,nan,0,nan,nan,nan,0,nan,nan,nan,0,nan,nan,nan,0
1.67883853658,IMG_0681_rot270:x,nan,nan,nan,nan,nan,-1,nan,nan,0,0,0,-0.011490762878215155,6,unexplained-or-parent-like,0.858 + 0.858,-1.0,nan,nan,nan,0,nan,nan,nan,0,nan,nan,nan,0,nan,nan,nan,0,nan,nan,nan,0,nan,nan,nan,0,nan,nan,nan,0,nan,nan,nan,0,nan,nan,nan,0
28.8642864757,IMG_0681_rot270:x,nan,nan,nan,nan,nan,-1,nan,nan,0,0,0,-0.012315467172931874,0,unexplained-or-parent-like,6.897 + 21.960,-1.0,nan,nan,nan,0,nan,nan,nan,0,nan,nan,nan,0,nan,nan,nan,0,nan,nan,nan,0,nan,nan,nan,0,nan,nan,nan,0,nan,nan,nan,0,nan,nan,nan,0
1.24504761821,IMG_0681_rot270:x,nan,nan,nan,nan,nan,-1,nan,nan,0,0,0,0.009908372847204,12,unexplained-or-parent-like,3 x 0.414,-1.0128808847013653,nan,nan,nan,0,nan,nan,nan,0,nan,nan,nan,0,nan,nan,nan,0,nan,nan,nan,0,nan,nan,nan,0,nan,nan,nan,0,nan,nan,nan,0,nan,nan,nan,0
22.5630278277,IMG_0681_rot270:x,nan,nan,nan,nan,nan,-1,nan,nan,0,0,0,0.010778757340077619,1,unexplained-or-parent-like,4.185 + 18.361,-1.014012384542101,nan,nan,nan,0,nan,nan,nan,0,nan,nan,nan,0,nan,nan,nan,0,nan,nan,nan,0,nan,nan,nan,0,nan,nan,nan,0,nan,nan,nan,0,nan,nan,nan,0
1.90186098613,IMG_0681_rot270:x,nan,nan,nan,nan,nan,-1,nan,nan,0,0,0,0.011631161900702083,3,unexplained-or-parent-like,3 x 0.610,-1.0151205104709127,nan,nan,nan,0,nan,nan,nan,0,nan,nan,nan,0,nan,nan,nan,0,nan,nan,nan,0,nan,nan,nan,0,nan,nan,nan,0,nan,nan,nan,0,nan,nan,nan,0
20.7883484324,IMG_0681_rot270:x,nan,nan,nan,nan,nan,-1,nan,nan,0,0,0,0.0637939095950858,0,child-like,2.505 + 18.361,-1.0829320824736115,nan,nan,nan,0,nan,nan,nan,0,nan,nan,nan,0,nan,nan,nan,0,nan,nan,nan,0,nan,nan,nan,0,nan,nan,nan,0,nan,nan,nan,0,nan,nan,nan,0
21.398613679,IMG_0681_rot270:x,nan,nan,nan,nan,nan,-1,nan,nan,0,0,0,0.081138560991589,2,child-like,9.403 + 12.016,-1.1054801292890657,nan,nan,nan,0,nan,nan,nan,0,nan,nan,nan,0,nan,nan,nan,0,nan,nan,nan,0,nan,nan,nan,0,nan,nan,nan,0,nan,nan,nan,0,nan,nan,nan,0
23.1592639881,IMG_0681_rot270:x,nan,nan,nan,nan,nan,-1,nan,nan,0,0,0,0.1080419771513378,0,child-like,8.950 + 14.248,-1.1404545702967392,nan,nan,nan,0,nan,nan,nan,0,nan,nan,nan,0,nan,nan,nan,0,nan,nan,nan,0,nan,nan,nan,0,nan,nan,nan,0,nan,nan,nan,0,nan,nan,nan,0
21.9597771241,IMG_0681_rot270:x,nan,nan,nan,nan,nan,-1,nan,nan,0,0,0,0.11622246801216402,1,child-like,0.505 + 21.399,-1.1510892084158133,nan,nan,nan,0,nan,nan,nan,0,nan,nan,nan,0,nan,nan,nan,0,nan,nan,nan,0,nan,nan,nan,0,nan,nan,nan,0,nan,nan,nan,0,nan,nan,nan,0
